"","id","baseMean","log2FoldChange","lfcSE","stat","pvalue","padj","DS1_Cell","DS1_Pt","DS76_Cell","DS81_Cell","DS76_Pt","DS81_Pt"
"1","AHRR",3272.16649582274,7.07804503869845,0.492811959933413,14.362567498676,8.88726887611424e-47,9.51382133188029e-43,5906,62,8410,5007,48,40
"2","FOSB",2531.47015773907,-6.61862341381201,0.573652862575327,-11.5376804433585,8.51915596547555e-31,4.55987823052079e-27,57,9181,63,36,2122,5159
"3","FILIP1L",451.065905892272,5.56413731275071,0.69798515765859,7.97171293930627,1.56489966934602e-15,5.5840836534497e-12,443,12,1078,961,22,21
"4","KLF4",597.537671868402,-5.09075656364885,0.7215110267084,-7.05568782070228,1.71749022328311e-12,4.59643321006143e-09,17,2350,56,24,509,1021
"5","RPL3P4",2714.02369812377,-8.38758991148688,1.22774199902223,-6.83172027850049,8.39023313573961e-12,1.79634891436185e-08,17,21,20,12,3934,10838
"6","SPTB",781.799487188938,-4.94516867020687,0.731594190287303,-6.75944223704792,1.38523972272583e-11,2.47149853863001e-08,98,4010,27,40,854,482
"7","CD82",2859.05165817376,-3.40749711176725,0.510558068952292,-6.67406377252977,2.48815410042376e-11,3.80509852071948e-08,740,3940,350,475,4397,7125
"8","EMP3",591.615532952421,-4.56562339893221,0.699941045674007,-6.52286850035456,6.8975332631068e-11,9.22976169769479e-08,75,445,46,33,834,1957
"9","GRIK5",1934.15645317241,-4.13207459450873,0.658651429871113,-6.27353772740965,3.52935357219648e-10,4.19796999892926e-07,312,1635,195,158,2432,6425
"10","JUN",7591.43997488811,-4.34699787686426,0.713754570498204,-6.09032580180892,1.1268113408103e-09,1.20625154033743e-06,1503,38566,584,348,5029,7572
"11","ATP1A1",3885.37962542732,-5.71225533828709,0.945729104438796,-6.0400545055413,1.54062176506724e-09,1.49930509045862e-06,203,428,101,152,6558,13974
"12","H2BC8",173.005678597038,-3.83727174405742,0.645956528905019,-5.94044888835182,2.84242671840363e-09,2.53568150170924e-06,20,217,20,27,377,354
"13","SCD",1086.3404625706,4.13683817208619,0.720668459235728,5.74027920754757,9.45205818896725e-09,7.22744877949246e-06,725,78,2728,2214,117,148
"14","FOS",5462.24901221543,-4.42787003485041,0.771084381892771,-5.7423936197247,9.33475225122233e-09,7.22744877949246e-06,152,6115,853,336,12109,12125
"15","OSM",197.817422329009,-3.42934329975237,0.600454815945664,-5.71124289235894,1.12154038875598e-08,8.0040599077552e-06,26,573,28,44,245,343
"16","LRRC14B",2347.30579992741,3.57994630173947,0.652898942719034,5.48315530552183,4.17805920504258e-08,2.7953827368738e-05,2396,378,6839,3107,502,223
"17","ZFHX3",802.922312938711,3.07936001535617,0.565474760702902,5.44561884871472,5.16255787939307e-08,3.25089306464134e-05,1675,226,2128,628,175,131
"18","SEMA7A",244.025287287359,-4.09077932557735,0.76484038110821,-5.34853993934008,8.86666110528918e-08,5.27320039622892e-05,21,420,48,11,240,726
"19","RPL29",9489.23949425472,-5.49469686074621,1.03197630069699,-5.32444093632299,1.01263997895046e-07,5.70542682877086e-05,554,430,424,312,16215,34205
"20","RASGRP2",20128.5419839581,-2.9013161209736,0.547257714753086,-5.30155362411405,1.14821310221019e-07,5.85315298055244e-05,8091,21833,4478,2966,34174,47547
"21","NOG",3890.68311752317,4.29199864485308,0.809291586624633,5.30340203183627,1.13664215763096e-07,5.85315298055244e-05,5741,181,7073,8686,102,805
"22","TREML2",454.387451175563,-4.74100399220633,0.903768017007553,-5.24581961630394,1.55589074756102e-07,7.36723969156514e-05,34,105,38,27,632,1688
"23","PTCH1",624.497402752316,3.09328486033832,0.59002323297957,5.24264925080574,1.58287261005136e-07,7.36723969156514e-05,1372,140,515,1530,166,94
"24","LOC102724428",1538.32125257007,-3.18114989828918,0.60876357348237,-5.2255917352146,1.73599025016781e-07,7.74323984501932e-05,593,6157,229,202,1117,2154
"25","STAG3",6019.506723052,-4.62899747564163,0.888449113701198,-5.21019989131133,1.88637282736039e-07,8.07744844675718e-05,925,1445,455,200,7909,22699
"26","GADD45B",1606.59635268536,-2.13901377851425,0.416605266623325,-5.13438967263045,2.83061081017567e-07,0.000116544956626656,887,4362,539,467,2182,1923
"27","RPL27",6189.05738691643,-4.59288314872641,0.899104315198467,-5.10828729335215,3.25092096866166e-07,0.000128892996183419,736,915,511,325,10878,20950
"28","AHNAK",5557.30018417209,-3.80041850667791,0.757860844416922,-5.01466533688232,5.31258526456173e-07,0.000203111518775476,363,6823,1335,412,17110,6424
"29","NR4A1",1434.26143812898,-4.33635880308569,0.866908713379798,-5.00209391849301,5.67109488423207e-07,0.000209341623226567,342,6971,73,68,322,2279
"30","TNK2",6392.63990400048,-4.92424180888883,0.98901582680927,-4.97893125206627,6.39363465295629e-07,0.00022078664180612,571,384,363,349,14190,19344
"31","CABLES1",315.271870234356,4.58973147424855,0.921034589065404,4.9832346458409,6.25300456393856e-07,0.00022078664180612,176,31,1358,149,29,18
"32","H1-2",657.101304773915,-3.54862617456733,0.717227088681772,-4.94770238124933,7.50946103512642e-07,0.000251214938690714,93,405,142,73,1412,1611
"33","NFKBIZ",1259.57410071484,-2.47741100134535,0.501414842057462,-4.94084098344547,7.77863294281364e-07,0.000252334138341879,587,3809,292,345,2091,1080
"34","PRX",1859.89746144891,-4.72023437479177,0.962528491456648,-4.90399444451601,9.39071463228338e-07,0.000295669412172334,303,274,122,47,2873,6727
"35","JUNB",3640.59713837954,-1.92997431052021,0.394138985084763,-4.89668463043601,9.74670710366422e-07,0.000298109998699216,2111,6898,1557,1103,4802,6133
"36","COL18A1",812.818835286325,-4.32336458296455,0.887036933100934,-4.87393976691679,1.09394356159172e-06,0.00032529627296776,32,758,54,127,510,3192
"37","MELTF",1039.43490901974,3.31419357574059,0.694275155943667,4.77360243610604,1.80959439847673e-06,0.000523559676640361,667,237,1552,2939,192,161
"38","TSPAN32",242.223294479678,-4.00702323766985,0.841339946170537,-4.76266847415045,1.91049575116736e-06,0.000524406590160169,24,166,39,21,916,212
"39","CLCN4",394.420261991764,3.31844597471729,0.696002580806679,4.76786446807591,1.86188963916908e-06,0.000524406590160169,535,92,283,1235,56,76
"40","RGL2",2366.60026158622,-3.97147768462426,0.83578370205708,-4.75180082460261,2.01612922855653e-06,0.000539566584792442,495,607,271,166,3959,7772
"41","LHPP",623.861528693514,-4.42271102053611,0.935376780787735,-4.72826684537913,2.26444457095163e-06,0.000591240954439932,44,274,33,84,377,2690
"42","SLC25A37",4093.18164028706,-2.63176366828395,0.558322206996286,-4.71370050359015,2.43258129441835e-06,0.000620018637065438,1576,11956,533,1439,3988,6918
"43","SLC11A1",285.632285748971,-3.90594744100947,0.835267900397478,-4.67628103408589,2.92124204886594e-06,0.000707752721309674,75,126,34,13,573,802
"44","GDPD5",887.704311331562,-2.83732926919754,0.606778628016328,-4.67605340430874,2.92448477561537e-06,0.000707752721309674,368,927,169,172,1080,2528
"45","SLFN5",1241.76368252236,3.21973431125726,0.68907748818345,4.67252865819944,2.97513988406682e-06,0.000707752721309674,2686,244,3727,556,296,191
"46","NRXN2",748.62716599137,-4.1227139879794,0.886824556535716,-4.64884960344843,3.33791479624797e-06,0.000776790823779012,47,184,76,107,1910,1827
"47","ARHGAP4",18555.1024193269,-2.61201644305888,0.563831969410272,-4.63261500725271,3.61075630855386e-06,0.000822407367724873,9678,35803,4504,3164,14895,47247
"48","JUND",8798.15918997789,-2.10985191188671,0.456258475556781,-4.62424705494407,3.7596155382365e-06,0.000838472590350454,5305,20669,2458,2892,8262,16332
"49","TNS3",233.432316563857,-4.82220107359253,1.04530258998585,-4.61321068156713,3.96496037597979e-06,0.000866222465813543,25,20,11,15,368,850
"50","UBXN6",691.571932194539,-3.50635440443074,0.763279254574965,-4.59380283613665,4.35240627838607e-06,0.000931850184202457,254,513,82,53,756,2360
"51","C5AR1",278.950914587217,-3.99068092808292,0.881122728080577,-4.52908635869166,5.92392847508488e-06,0.00124344420246635,17,127,34,42,365,980
"52","ECE1",777.948268574765,-3.67013993103348,0.814710229070298,-4.50484086252562,6.64227001447421e-06,0.00136741347124897,287,852,89,30,619,2729
"53","MDM2",4198.30987217905,2.70327072462406,0.606510511884352,4.45708800037997,8.30805041236975e-06,0.0016469940678596,6095,1746,7073,8155,1427,404
"54","ABCG1",297.577039194017,-4.5338922458056,1.01643165125666,-4.46059726711593,8.17315534654975e-06,0.0016469940678596,45,27,12,24,760,779
"55","CCN2",743.453827184536,-2.62465110226475,0.589881399285493,-4.44945561166011,8.60882192731369e-06,0.00167558979512533,223,700,175,228,1322,1683
"56","PPP2R5C",11631.6963710188,2.50390988207082,0.564550652236719,4.4352262673871,9.19756334554112e-06,0.0017273669405968,13430,6226,18804,24444,3093,2079
"57","CYTH4",956.953825376297,-4.27821201681513,0.96431449798393,-4.4365318843173,9.14197994436987e-06,0.0017273669405968,38,439,205,22,2527,2135
"58","ACSL6",214.855512002052,-2.91285196453427,0.660136590816311,-4.41249887531957,1.02184325597662e-05,0.00188600552676374,95,854,27,45,204,236
"59","SMIM5",540.644902556125,-4.16971875708977,0.950634738395612,-4.38624698706783,1.15323166809532e-05,0.00209243135711193,164,389,16,30,295,2234
"60","CMTM2",1207.42344100045,-3.84500817886468,0.881001979586439,-4.36435816031833,1.27496541833439e-05,0.00227475080054494,156,942,113,199,419,5095
"61","CCDC102A",320.372317597693,-3.4722581990282,0.797771822612225,-4.35244527396146,1.3462748399147e-05,0.00236260199365358,144,341,38,11,558,810
"62","CUEDC1",577.996638007609,-4.19928228753573,0.965806359655048,-4.34795468631576,1.37412984903819e-05,0.00237259032805706,64,442,108,11,305,2383
"63","MKNK2",1983.85272983262,-1.9617823513179,0.452276030787818,-4.33757753622423,1.44061720398709e-05,0.00244790589979076,1418,4205,802,446,2492,3195
"64","IER2",8867.55753938137,-2.1635623347062,0.501588113448032,-4.31342425527864,1.60745228341694e-05,0.00268871510843412,3620,17390,3985,2278,8650,18815
"65","CDKN2D",1350.7721799736,-2.17688370717775,0.507425101992337,-4.29005916071259,1.78625527916292e-05,0.00294182504052908,409,2560,658,376,2396,1856
"66","RHOB",3775.69517349061,-4.38635220486274,1.02710710785722,-4.2705888911758,1.94957495271641e-05,0.00316215149527714,1185,19829,40,122,1182,4662
"67","LCN10",10130.588752721,-4.10049211387254,0.961670749466532,-4.26392516996821,2.00866737745695e-05,0.00320937078741443,1939,2906,463,1231,5026,45281
"68","CD69",697.059263646877,-3.13006599944291,0.735294752924362,-4.25688608139012,2.07293912641495e-05,0.00326335490415765,76,1073,257,75,1890,775
"69","H2AC19",1053.65607607635,-2.9199590412788,0.68668197775857,-4.25227271991319,2.11611937152434e-05,0.00328305186553161,400,730,205,190,1268,3308
"70","ZFP36",3896.90016996318,-1.64151473106956,0.387338224534504,-4.23793632307347,2.25583724626476e-05,0.00344981967446633,2520,7807,1900,1494,4542,6126
"71","RAB3IL1",102.827392113045,-3.15496988817202,0.747171740054654,-4.22254980888495,2.41553995043482e-05,0.00364202185484574,18,256,12,31,85,241
"72","TSSC4",786.13956129401,-2.90517988535021,0.688670323628622,-4.21853503145415,2.45894770731659e-05,0.0036559771120589,183,477,167,203,1413,2042
"73","TNIP2",323.999682079476,-2.25136640305378,0.535818032130718,-4.2017369107588,2.64874854805934e-05,0.00388422646670893,175,421,88,97,445,724
"74","ZGLP1",549.524435195224,-4.50106373488636,1.07542374255801,-4.18538624057164,2.84681615108836e-05,0.00406335558632011,102,93,30,28,191,2622
"75","HLA-DPB1",1233.0489144918,-3.14302029906731,0.750817041736,-4.18613340448452,2.83746619954321e-05,0.00406335558632011,291,457,231,244,2956,2773
"76","KBTBD7",222.242062549775,2.84254857489277,0.679828700901631,4.18127179850277,2.8988309435352e-05,0.00408315595401899,374,82,445,346,75,16
"77","WASHC2A",865.038655690428,-2.95773828847468,0.717796382336464,-4.12058121391903,3.77917819652226e-05,0.00525403929789231,330,464,198,115,1403,2460
"78","SH3BP2",4685.11523115563,-2.40235333723629,0.584851456641342,-4.10762991175984,3.99739944725534e-05,0.00548617449780365,3575,7445,989,695,6197,10128
"79","SARS2",255.217918865617,-2.72998880307678,0.665484733533005,-4.10225609321417,4.09141059816389e-05,0.00554412031054993,68,211,69,64,407,657
"80","KLF6",10873.5945898415,-2.92923375687521,0.715308205813426,-4.09506522233193,4.22049556511866e-05,0.0056475506280744,4536,53953,2025,1765,8783,6044
"81","MCEMP1",328.514781097908,-4.23222462578262,1.0362294903998,-4.08425417824168,4.42186086534399e-05,0.00584395315598857,23,61,61,13,354,1308
"82","OBI1",1325.57119069543,1.81184900306442,0.44409231651857,4.07989270624693,4.50564924639866e-05,0.00588207014423142,2405,993,1714,2178,452,459
"83","SELPLG",691.973644104546,-3.81482165285654,0.937834826677886,-4.06769032705884,4.74814232177396e-05,0.00606357918163937,35,472,190,33,688,2513
"84","SERHL2",697.721540400039,-3.75736162833555,0.923818326707008,-4.06720836739496,4.75796965210376e-05,0.00606357918163937,184,181,112,27,936,2488
"85","RAB30",224.175254443505,2.53634692680299,0.625400412989036,4.0555568466621,5.00150062278441e-05,0.00629894872551849,312,73,295,506,89,40
"86","RPS29",5874.15781861674,-3.22059443225274,0.794811400853753,-4.05202344706343,5.0776574956785e-05,0.00632050273153934,1788,1617,1003,867,10693,17157
"87","MMP17",5737.1000726426,-3.42490594839746,0.846148190245636,-4.04764317631313,5.17359356605886e-05,0.00636589874996093,2027,2868,828,478,3839,22849
"88","VASP",516.046602205071,-3.72641670958612,0.9251961730996,-4.02770441332658,5.63240920477366e-05,0.00685169778830704,53,113,118,41,911,1631
"89","XPO7",561.569492084645,-4.5045242945488,1.12189536060431,-4.01510198965655,5.94200940998039e-05,0.00714710232964495,17,1553,62,52,1833,17
"90","PDLIM2",732.880996733639,-2.69062313145871,0.670960224506465,-4.01010824961769,6.0690917236758e-05,0.00721884743354994,188,679,301,102,1209,1783
"91","ATP2A3",9540.32641544082,-2.90980337350891,0.728520607727913,-3.99412637424755,6.49332255673553e-05,0.00763857340328064,2719,9593,3399,842,30193,9055
"92","NDUFS7",1596.03610538592,-2.65376164217599,0.668024865070211,-3.97254919829529,7.11075435840229e-05,0.00818501348459103,924,1148,302,269,2595,4127
"93","DUSP1",5580.27402745644,-2.11508353199417,0.532099919717446,-3.97497434902324,7.03868419773103e-05,0.00818501348459103,2112,8245,1275,2847,9106,9897
"94","H4C14",341.379719279859,-2.90109668822295,0.733178969313185,-3.95687384615054,7.59370073484457e-05,0.00864793259218203,105,218,80,66,396,1097
"95","EIF2AK4",346.651702438963,-3.62296156847995,0.916263376377111,-3.95406131237623,7.68357061339862e-05,0.00865817088594024,41,102,57,54,327,1354
"96","CLPTM1",1402.25540621182,-3.12133465281302,0.79475424801781,-3.9274211627027,8.58615520785216e-05,0.00957445744792265,415,533,302,199,1642,4859
"97","PACSIN1",1183.96154534048,-3.59250869886365,0.920995315371002,-3.90068075147211,9.59225767689076e-05,0.0104901311581013,413,585,203,19,2233,3331
"98","CIB1",513.367643469049,-3.1735764140515,0.813653603406466,-3.90040233431636,9.60329615594517e-05,0.0104901311581013,126,145,100,90,996,1427
"99","C12orf50",494.027694992832,-2.88354997279222,0.741389163105357,-3.88938780911536,0.000100497414208629,0.0107778505829678,265,274,68,75,1111,1074
"100","ADM5",570.794766486937,-2.73876737975101,0.704244133026303,-3.88894596534569,0.00010068052856579,0.0107778505829678,359,623,58,106,713,1565
"101","PTPN6",1720.38232460968,-2.67963240223988,0.689695888162977,-3.88523760722591,0.000102229854502567,0.0108353524004948,560,1360,697,184,3489,3688
"102","SNIP1",845.53131546601,1.54127680434832,0.397249885056353,3.87986721287453,0.000104513505719193,0.0109687948894506,1602,531,1260,1043,443,367
"103","DDX41",2258.30290657865,-1.88906112401319,0.488005076514347,-3.87098662478289,0.000108395740150331,0.0112657902748476,1585,2855,890,643,3200,4520
"104","NLRC5",6814.68578723069,-2.81535801512213,0.728697146225779,-3.86355021383577,0.000111750908345805,0.0115028218638639,2270,2627,1632,1399,13220,17536
"105","GPNMB",299.41427553821,3.97932630980701,1.03603468625857,3.84091996396137,0.000122574077555915,0.0124967190498673,38,31,1113,357,18,58
"106","MVP",944.413546890976,-1.68337307775333,0.440314528001767,-3.82311500234345,0.000131776279888072,0.0131837857588954,622,1644,497,295,1175,1611
"107","INPP4B",634.259422659328,3.09485834560505,0.80924850060369,3.82436092658352,0.000131111728843384,0.0131837857588954,387,103,2159,613,204,87
"108","TSC22D3",17634.1875601692,-3.53046525708736,0.927169515241333,-3.80778832678555,0.00014021521162651,0.0138981837079795,10002,56284,486,640,11320,38065
"109","ZFP30",514.617579006861,2.06033696956021,0.541483662909119,3.80498454651625,0.000141813044240625,0.0139276021889531,1304,388,643,717,178,94
"110","ANK1",937.447844118966,-3.43089599644786,0.902711172417939,-3.80065750959756,0.00014431265128111,0.0140185230857587,76,5196,214,157,792,265
"111","FAM53B",9012.09367387617,-1.97106158493195,0.518854840762252,-3.79886902864056,0.000145357875994321,0.0140185230857587,4994,23295,1765,4638,11686,11265
"112","IQCN",2086.63401910177,-3.29209794134067,0.86751586971741,-3.79485615913062,0.000147729077339853,0.0141199979725279,652,813,188,412,1541,8241
"113","FLT3LG",236.400884266065,-2.35688729038958,0.621885098887544,-3.7899079662878,0.000150703110956668,0.0142767858654082,111,233,68,65,316,602
"114","MEGF6",4198.57893869462,-2.0640652765587,0.546000635810689,-3.78033493220026,0.000156617527300819,0.0147069353487305,2291,4729,1220,1586,10232,4961
"115","BAG4",576.505948902184,2.19373706253343,0.581910859807389,3.76988507012835,0.000163322739996614,0.0152032167970761,784,324,847,1134,240,98
"116","AK4",1261.42181793221,4.20711706454508,1.12021070381648,3.75564797784179,0.000172893568630813,0.0159553935533866,4174,162,30,3543,34,207
"117","DCAF15",777.437004694822,-3.03122376500647,0.808593911983595,-3.74875907434234,0.000177711699499483,0.0162598610524955,420,661,58,122,650,2675
"118","WWC3",4148.72363454957,1.75767229030547,0.471038028582771,3.73148702153377,0.000190352818480878,0.0167026796871951,10277,3635,5769,4628,1286,1347
"119","SF3B2",3057.38657051424,-2.99948449045763,0.802802582838252,-3.73626661719643,0.000186772634653659,0.0167026796871951,821,870,655,614,4607,9633
"120","KAT2A",4253.24402010088,-3.30163946510918,0.883042461865532,-3.7389362433762,0.000184800583872537,0.0167026796871951,1762,1782,275,668,3347,16517
"121","DOK4",969.916517052029,-2.76888680977532,0.742030680359304,-3.73149909170142,0.000190343696557899,0.0167026796871951,622,839,190,75,2580,1452
"122","CFP",379.591656204448,-2.95050777038441,0.790574196444976,-3.73210735140628,0.000189884541293131,0.0167026796871951,164,591,116,12,472,952
"123","NFE2L2",2295.84079175846,1.68002565600276,0.451567131791731,3.72043387953579,0.000198880807643396,0.0172982380730024,4163,1854,3975,2630,945,742
"124","ZNF845",646.425653367138,1.65547047444396,0.445192820641177,3.71854710518403,0.000200371930971723,0.0172982380730024,1086,473,813,1073,251,269
"125","ATF3",942.641609218121,-2.81162092768636,0.757779191410959,-3.71034327618738,0.00020697839964761,0.0177256301458214,333,3938,300,113,319,1440
"126","GAL3ST4",1487.66872415607,-3.55457964113449,0.960430282533045,-3.70102828469717,0.000214727536752738,0.0182008374947453,732,460,101,55,4801,2361
"127","PRRC2A",527.601685181551,-3.50373643438027,0.947054623855466,-3.69961388300554,0.000215927731138034,0.0182008374947453,68,228,20,158,662,1828
"128","LTB4R",2199.20856664422,-2.32424877308929,0.630323812049586,-3.68738849565539,0.000226567320128345,0.0189484622029214,1653,2115,540,352,3549,4988
"129","HR",242.928997755257,-3.20084121495651,0.869707167110446,-3.68036660614299,0.000232898870880684,0.0192071554164074,65,100,17,66,742,384
"130","RPL26P19",156.832013778729,-3.41602376178317,0.928271467335398,-3.67998358453143,0.000233248968158147,0.0192071554164074,39,30,23,23,424,338
"131","ACY3",342.337432158215,-2.70907876933043,0.737708551004115,-3.67228869130367,0.000240387900542741,0.0196247796871105,39,392,148,68,767,580
"132","PLA2G4B",1093.7562058672,-3.15557511569327,0.859690477748886,-3.67059447250852,0.000241987007818644,0.0196247796871105,426,366,246,71,1531,3587
"133","ZNF14",159.603080616094,2.08954638614829,0.569871482105316,3.66669758316161,0.000245703085043108,0.0197763272585449,503,83,230,136,44,64
"134","AMDHD1",246.68250632926,-3.13027481983738,0.859490847865699,-3.64201064806045,0.000270516880710148,0.0215625221469681,66,77,40,51,323,833
"135","ZNF670",243.284744894361,1.91395089307184,0.525713092657686,3.64067572180116,0.000271923446038364,0.0215625221469681,436,107,446,293,129,75
"136","IRF4",4898.93212116978,2.25996750789386,0.621703376512144,3.63512181737317,0.000277849313613037,0.0218327215215771,8419,1107,6216,9666,1005,2846
"137","SELL",2276.98736877139,-2.80429538518318,0.771751278009571,-3.63367766933378,0.000279409887758623,0.0218327215215771,324,1771,564,723,7604,2027
"138","TMEM229B",125.6613800237,-2.29459688873432,0.6321228693761,-3.62998556119172,0.000283437074352512,0.021986912180751,83,333,43,17,182,156
"139","PSME2",2825.0606930957,-2.4150435422824,0.666662310848067,-3.62258898243431,0.000291669078455911,0.022462715718493,1628,1644,783,545,5464,6381
"140","REC8",1711.7728195462,-3.26312751492757,0.902040618295372,-3.6174950980523,0.000297467962577162,0.0227456752813466,540,1051,78,422,1036,6705
"141","SPA17",139.174830805207,2.30374096019643,0.638577005289372,3.6076165303705,0.000309022759845157,0.0233091452131623,221,53,307,165,64,27
"142","VSIR",2279.19671565391,-3.06688777242551,0.850148134815911,-3.60747456452352,0.000309191837484264,0.0233091452131623,304,2003,1005,102,4075,5648
"143","MROH6",1303.91981669814,-3.53911393114423,0.984591244355701,-3.59450071431436,0.000325014253560385,0.0243306124780694,426,385,92,181,519,5777
"144","SAP25",3180.13295355286,-3.12364647115904,0.87169862458622,-3.58340185823028,0.000339148225888138,0.0252123733203647,1846,1494,371,198,3761,10786
"145","TMEM161A",855.014126680326,-2.66630324590382,0.745035072281687,-3.57876205443351,0.000345225599455753,0.0254707779212231,383,484,174,196,857,2842
"146","NRDC",1786.44289163631,-2.92106499783852,0.819403221018878,-3.56486882515101,0.000364038208495762,0.0254707779212231,973,1125,226,258,1258,6583
"147","STARD8",172.04383297548,-2.88883276143878,0.808457731752438,-3.57326381822938,0.000352559238594872,0.0254707779212231,52,119,62,14,276,469
"148","TMEM91",439.679476729802,-3.11818681084748,0.873977395430426,-3.56781173878279,0.000359974984388123,0.0254707779212231,230,319,65,30,295,1638
"149","STARD4",494.375827550021,1.47687568474064,0.414040194417129,3.56698626040338,0.000361110406221511,0.0254707779212231,1102,366,547,668,229,229
"150","HGSNAT",608.799305882873,1.89518077150457,0.531253642980046,3.56737463647992,0.000360575789563083,0.0254707779212231,1267,541,884,841,182,144
"151","ARHGEF12",2330.97616442535,2.73394371214656,0.766713904988496,3.56579383047394,0.000362756473252864,0.0254707779212231,1559,1541,5030,4617,326,261
"152","ZNF480",1391.125393157,1.5864080663537,0.444059975749297,3.57250856413446,0.000353577916180667,0.0254707779212231,2239,1004,1927,2137,470,727
"153","C19orf38",226.660616719467,-2.60672562800705,0.730283827192093,-3.56946919943413,0.000357705268705361,0.0254707779212231,126,146,54,35,386,576
"154","CDON",297.65113267955,1.93133713037011,0.542462021869881,3.56031768585888,0.000370406404708665,0.0255819391122984,723,211,530,262,117,73
"155","KPTN",607.179517072779,-2.08125722100959,0.584302114804784,-3.56195394176339,0.000368104972257134,0.0255819391122984,421,662,229,119,889,1332
"156","SHKBP1",2216.35077050728,-2.69594197644899,0.757679988121146,-3.55815386273331,0.000373470533169446,0.0256133399743292,1028,1138,490,423,2149,7550
"157","PDP2",812.193418189649,1.8000721333804,0.50611771702256,3.55662738694476,0.000375646368609966,0.0256133399743292,1926,480,1003,1099,469,185
"158","ZBTB6",270.454485828663,2.2786744235463,0.641274810520578,3.5533508975606,0.000380356744778647,0.0257703731193381,669,159,441,320,113,28
"159","PLEC",4631.31457317854,-2.10990799921645,0.594293664924295,-3.55027846289633,0.00038482386980646,0.0259090536243909,1036,5975,1685,2216,8471,7890
"160","LSM7",2963.46416312959,-2.6555857140564,0.752164196704858,-3.53059308817171,0.000414629084841785,0.0275689711380827,1572,1462,490,652,3523,9432
"161","CCDC88B",1299.71805006628,-3.14100254404967,0.889639649310463,-3.53064585923545,0.000414546379019752,0.0275689711380827,441,252,283,139,1777,4426
"162","HMGCR",2257.50713128072,1.56464361154381,0.443817723353315,3.52541939903159,0.00042281281999202,0.0279395755432998,3951,1872,2781,3571,1038,769
"163","EFR3B",245.094999395769,3.27932878874752,0.930937990946138,3.52260711308457,0.000427324324229475,0.0280644594532302,214,43,981,73,65,30
"164","AOX2P",728.133948767743,-3.26126570703261,0.926707570416105,-3.51919614249861,0.000432856560900463,0.0282544480758503,372,646,44,83,2870,276
"165","TAGLN",347.044685350402,-3.02238739266057,0.859639244615004,-3.51587879635971,0.000438301024964428,0.0284364392257224,180,149,31,55,433,1152
"166","CHCHD3",448.51216794769,-2.70315498627242,0.770634544528247,-3.50770025229947,0.000451998024897607,0.0291484268465595,202,263,42,142,1189,750
"167","SF3A2",686.66534106258,-2.1949604155543,0.626079815244035,-3.50587954141077,0.000455101134851292,0.0291728002909167,572,758,131,156,1036,1514
"168","TFAP2E",76.5517378268611,-2.52963615276651,0.723573372182102,-3.49603267618571,0.000472230867730833,0.0300906633277296,28,75,26,16,138,166
"169","OAS1",384.379052173672,-2.35424389174711,0.675438839282374,-3.48550269073718,0.000491213282970095,0.0308018667192549,195,351,131,78,386,1126
"170","DXO",457.723156394628,-2.84315489618248,0.815379651021033,-3.48690930981934,0.000488637025588097,0.0308018667192549,242,223,50,91,543,1497
"171","MYO15B",21399.3681691194,-2.50147957253328,0.717772033356562,-3.48506135135337,0.000492024213824622,0.0308018667192549,17880,19940,2815,2873,35286,50135
"172","LILRB1",389.925439820105,-2.57638008191096,0.73975024355788,-3.48277017053712,0.000496254201894709,0.0308860536702492,121,579,32,182,434,986
"173","SNAI1",1063.91707259792,-2.39745544653097,0.689620449763038,-3.47648543101464,0.000508031829754281,0.0314363048411536,575,4860,273,258,759,732
"174","SLC25A34",296.078595751391,-2.62993500288499,0.756912210247963,-3.47455750782965,0.000511696668198126,0.0314811082359824,220,336,40,38,319,840
"175","SHANK3",2441.11311060959,-3.57708529052994,1.03013228050601,-3.47245238133187,0.000515726494318765,0.0315477264096136,619,762,597,21,6953,4811
"176","CTRL",193.511216413969,-2.88962331406645,0.834052099901879,-3.46455972523346,0.000531100192750377,0.0323035657010954,58,113,35,49,155,698
"177","HHLA2",230.639559756047,-3.39441210636258,0.984410726570661,-3.4481665170264,0.000564405960776404,0.0339436281466933,108,100,15,22,146,936
"178","H2BC21",623.381347165819,-2.12962780203351,0.617585871735223,-3.44831042855616,0.000564105298272195,0.0339436281466933,604,1260,129,102,1088,804
"179","IGKC",4302.38890565672,-6.27472583945735,1.82492910345302,-3.43833951005805,0.000585293366041082,0.0348086971303877,43,16,179,84,4469,18736
"180","ASIC3",403.710151237742,-3.79004190203546,1.10183508711416,-3.4397542303377,0.000582242654148297,0.0348086971303877,121,67,15,51,165,1847
"181","RELL1",539.824147253018,1.87588267776252,0.547310869722668,3.42745372243942,0.000609270140640195,0.0360344577654878,960,462,1007,627,182,126
"182","EDC4",3110.67203350232,-2.63932471971574,0.770789909523755,-3.42418172202915,0.000616653706691713,0.0361840360083861,2099,2040,383,558,3308,9916
"183","HAPLN3",192.381105421973,-2.81921739977715,0.823527555098466,-3.42334313202193,0.000618559419853775,0.0361840360083861,43,186,41,57,109,682
"184","GDF11",1759.75719905756,2.42931469848059,0.711143220138269,3.41606954785881,0.000635320188438377,0.0365650678345851,2170,1398,4156,2312,338,190
"185","CARMIL3",137.509295907141,-3.18542448103441,0.932412581918567,-3.41632507197614,0.000634724284949164,0.0365650678345851,66,44,19,11,403,243
"186","TBKBP1",5812.88765682026,-2.09691841542949,0.613668703334806,-3.41702029781606,0.000633105591215454,0.0365650678345851,4017,7062,1912,1368,4811,16006
"187","PILRA",499.762935089922,-2.87555999355589,0.842443186152226,-3.41335776800537,0.000641676432850311,0.0367334022120993,139,156,167,63,771,1523
"188","RNA5-8SP6",220.60948300736,-2.6568911063132,0.778860839523696,-3.41125265450243,0.000646651415338388,0.0368212946872205,99,130,43,53,233,717
"189","GABRG2",412.601029112708,-2.25403579611986,0.663524167963168,-3.39706661030768,0.000681123849165525,0.0383759516069313,309,336,82,99,717,912
"190","RGL1",3122.38390935793,1.90354327222571,0.560116937545418,3.39847475523155,0.000677627164879832,0.0383759516069313,4700,1444,6744,3319,759,1831
"191","PIM1",2621.280417845,-1.60985242249603,0.474825364447604,-3.39040949164306,0.000697882944667267,0.0391143294380267,1296,4755,1735,868,3507,3956
"192","PDIK1L",573.519543050712,1.86464501404961,0.550678485293394,3.38608655294777,0.000708970187810869,0.0395287805235174,1035,477,783,925,228,113
"193","NHSL1",591.094128773202,1.79491552594371,0.531027838027208,3.3800780249335,0.000724652548341297,0.0399866264432659,810,371,662,1221,195,268
"194","ZNF253",1003.96823811235,1.97166208290031,0.583134934559446,3.38114210974152,0.000721851994216905,0.0399866264432659,2422,818,1108,1561,388,154
"195","TMEM38A",70.1031473725133,2.56812831425998,0.763030686390519,3.36569467003797,0.000763511708814735,0.0407759107092406,127,15,180,58,23,22
"196","TRAF4",478.912151605358,-1.47886571588813,0.438714976475073,-3.37090319498622,0.00074922180205066,0.0407759107092406,387,706,214,207,780,652
"197","PILRB",9518.70178617659,-2.30120475464799,0.683878118836672,-3.3649340302955,0.00076561962191101,0.0407759107092406,7776,6906,1990,1587,17853,20542
"198","SYTL1",6175.35755972455,-2.89854859919996,0.85946717599154,-3.37249482024254,0.00074490487598661,0.0407759107092406,2965,2228,1710,305,14833,13343
"199","SNTB1",1403.87316367961,3.41344691916034,1.01357101158294,3.36774323668688,0.000757861413392256,0.0407759107092406,192,108,2857,3717,465,117
"200","PARP10",3034.13697118565,-2.63774043697149,0.783233909518445,-3.36775566649464,0.000757827248684273,0.0407759107092406,1543,1512,515,718,2641,10591
"201","TMEM86B",1046.00371632917,-2.47711320070601,0.735865142244392,-3.36625973768889,0.000761949262135988,0.0407759107092406,481,642,340,198,995,3403
"202","RASAL2",165.262344302179,-3.22051736323005,0.959102839246985,-3.35784363411806,0.00078553036174782,0.0415732784672481,44,26,20,36,348,449
"203","GSR",329.350397273245,3.10089294122497,0.924497616680415,3.35413838313539,0.000796125369994009,0.0415732784672481,101,168,735,746,50,20
"204","HMBS",1386.01680888879,-1.38343477529454,0.412371900642875,-3.35482309327528,0.000794157535037775,0.0415732784672481,1013,2574,707,674,1420,2256
"205","H2BC9",105.182263960809,-2.78801198512149,0.831079792524067,-3.35468628909149,0.000794550344632774,0.0415732784672481,41,51,22,22,308,158
"206","STING1",1906.73378118356,-2.31541728786078,0.691344713816618,-3.34915020189907,0.000810598389113851,0.0420161372003452,852,2964,983,178,1857,4749
"207","SPACDR",391.855134941936,-3.52378362427759,1.0523418809436,-3.34851599854407,0.000812455899156605,0.0420161372003452,144,75,53,22,193,1726
"208","PFKFB3",1936.13407981172,1.49531158939632,0.447490519205284,3.34154920656621,0.000833122477726944,0.0428777698272449,4227,1005,1856,2965,1075,992
"209","ADCY7",2506.38530421195,-1.75992219260095,0.527198559433492,-3.33825303789164,0.000843069363918124,0.0431820934963805,1563,4256,1527,518,4451,3143
"210","FMNL1",6106.35140196047,-1.72390155988507,0.516650782957259,-3.33668624291562,0.000847836021198048,0.0432194505091671,3137,8328,3841,1692,11120,8659
"211","SYNJ2",830.914268281731,1.67638582021387,0.503984159430555,3.32626688526876,0.000880176088867327,0.0442910077517818,1149,502,1667,950,294,437
"212","CBFA2T3",4870.34234603282,-1.78419293396802,0.536661483779095,-3.32461521442528,0.000885406413720812,0.0442910077517818,4557,7544,1899,1025,5887,9465
"213","LTBP3",1417.24904310932,-2.59267437175545,0.779691209078326,-3.32525792463436,0.000883367736530011,0.0442910077517818,675,665,399,240,1367,4813
"214","ZNF813",584.168413388927,1.68865165276464,0.507349307961806,3.32838071574104,0.000873524035021278,0.0442910077517818,1046,504,660,1014,175,228
"215","ATP6V0A1",249.079250329009,-3.31125176422748,0.99851488851662,-3.31617665626061,0.000912581226609473,0.0453299187546185,11,131,40,72,189,956
"216","VCP",1170.82562776435,-2.14386672353881,0.646862431804067,-3.31425449698736,0.000918878315717162,0.0453299187546185,494,1018,537,293,3207,1293
"217","NFKBID",386.959753645626,-2.35542065455713,0.710434399603568,-3.31546537705872,0.000914906736662264,0.0453299187546185,241,439,153,31,624,838
"218","ATP2B1",2915.84964127155,2.13942844265866,0.646941246197223,3.30699032599082,0.000943041487117644,0.0460970736054538,2806,1719,3957,6663,1273,471
"219","RAPGEF3",1554.29642959259,-3.01414957871834,0.911105141128996,-3.30823462919259,0.000938861157444547,0.0460970736054538,654,478,437,62,4563,2653
"220","NOS2",364.294340118602,-3.05271102395252,0.923906684339704,-3.30413349713367,0.00095270454109427,0.0461479733593401,168,292,45,55,103,1471
"221","POLR1F",1590.83403687334,2.40113443986475,0.726502397518435,3.30506058626437,0.000949558710644784,0.0461479733593401,1250,1053,1914,4247,433,214
"222","MDH1",467.231507377622,-3.05935842475487,0.927555926913868,-3.29830076654662,0.000972718819522733,0.0463487209122364,159,62,83,80,767,1469
"223","THEMIS2",2093.77948485371,-2.11039956519091,0.639512725030428,-3.30001184118814,0.000966807491038788,0.0463487209122364,941,2526,1213,287,4484,3034
"224","SIK1",231.093610338912,-2.32867715791319,0.706112742012135,-3.29788292911611,0.000974167417585539,0.0463487209122364,90,401,34,109,178,595
"225","NBAS",485.703099745493,-3.5670510050695,1.08070294906986,-3.30067666433184,0.000964519683866481,0.0463487209122364,16,238,169,23,335,1947
"226","TNFRSF10D",505.109278215749,-2.7593797916773,0.837414975390099,-3.29511636735644,0.000983809310162977,0.0464448862391081,132,310,203,59,402,1787
"227","MS4A4E",685.753775033775,-2.57017489891381,0.780066591393771,-3.29481473411339,0.000984865873542973,0.0464448862391081,316,255,150,170,920,2109
"228","NTN5",89.0864256292047,-2.7826714452692,0.845557769972252,-3.29093001576996,0.000998567524856881,0.0466797613694014,43,75,13,19,79,294
"229","R3HDM4",595.251682536213,-2.33445029106758,0.709191020487074,-3.29170875494769,0.00099580679959678,0.0466797613694014,337,289,180,127,1306,1205
"230","LASP1NB",84.5707934760065,-2.48878692154596,0.757132150803135,-3.28712354759464,0.0010121641694232,0.0471096410159799,51,82,21,14,216,119
"231","VPS4A",1273.35830952597,-2.25319173191785,0.685833380470924,-3.28533401271706,0.00101861540179083,0.0472046661306096,961,1168,273,284,1218,3719
"232","TASL",4192.76554955486,1.76305773933657,0.539165844945829,3.26997297003061,0.00107557761477618,0.0492053776332438,8443,4239,5611,6076,1128,1123
"233","HERC2",543.222311307988,-2.36686581804732,0.72332286832891,-3.2722120669508,0.00106709502802806,0.0492053776332438,265,326,154,143,571,1688
"234","LAT",462.359836977153,-2.9103941844141,0.8897484953922,-3.27103018379503,0.00107156472742884,0.0492053776332438,285,294,67,40,299,1727
"235","TFEB",3389.18286172934,-2.08117547484726,0.636838659868822,-3.26797916959995,0.00108318337466082,0.0493424596840176,1892,3213,1189,1029,2877,9861
